conversation_id_str,created_at,favorite_count,full_text,id_str,image_url,in_reply_to_screen_name,lang,location,quote_count,reply_count,retweet_count,tweet_url,user_id_str,username,cleaned_text
1875536339543978425,Sat Jan 04 14:45:57 +0000 2025,0,@JTrisha_JKT48 Namanya juga nenek sayang cucu itu dik,1875554263000346740,,JTrisha_JKT48,in,,0,0,0,https://x.com/R_ots92/status/1875554263000346740,1484367938606223362,R_ots92,Namanya juga nenek sayang cucu itu dik
1875553814205624358,Sat Jan 04 14:45:52 +0000 2025,0,@Levi_JKT48 ga ngerti lagi,1875554242305626408,,Levi_JKT48,in,her„Ö§„Ö§„Ö§„Ö§„Ö§„Ö§„Ö§„Ö§„Ö§„Ö§„Ö§„Ö§„Ö§,0,0,0,https://x.com/k3eenv/status/1875554242305626408,1680609854833192960,k3eenv,ga ngerti lagi
1875553814205624358,Sat Jan 04 14:45:50 +0000 2025,0,@Levi_JKT48 ditunggu sound nya,1875554233434669374,,Levi_JKT48,in,,0,0,0,https://x.com/dinoconian/status/1875554233434669374,1255375143465111553,dinoconian,ditunggu sound nya
1875553814205624358,Sat Jan 04 14:45:48 +0000 2025,0,@Levi_JKT48 aku yang jadi jangkriknya ya,1875554228946764097,,Levi_JKT48,in,"Kota Surabaya, Jawa Timur",0,0,0,https://x.com/dmngreenapple16/status/1875554228946764097,1671529130687332355,dmngreenapple16,aku yang jadi jangkriknya ya
1875529654062501984,Sat Jan 04 14:45:48 +0000 2025,0,@Nala_JKT48 T2 - lelaki cadangan,1875554225448743226,,Nala_JKT48,in,digidaw,0,0,0,https://x.com/ngebagss/status/1875554225448743226,1689513881029562368,ngebagss,T2 lelaki cadangan
1875553814205624358,Sat Jan 04 14:45:45 +0000 2025,0,@Levi_JKT48 serahhh ahhh,1875554215013314596,,Levi_JKT48,in,,0,0,0,https://x.com/apaeppo/status/1875554215013314596,1786045214769152000,apaeppo,serahhh ahhh
1875553687885791571,Sat Jan 04 14:45:45 +0000 2025,0,@adorezaheera @Nala_JKT48 @Nalania_ID Lagu apaan dah,1875554214421918099,,adorezaheera,in,"Pacitan, Indonesia",0,0,0,https://x.com/UIxrestu/status/1875554214421918099,1799482726036422656,UIxrestu,Lagu apaan dah
1875519433747394750,Sat Jan 04 14:45:44 +0000 2025,0,@Greesel_JKT48 Tetap ini icel fav aku https://t.co/xqimgzvP7C,1875554208252113278,https://pbs.twimg.com/media/GgdOnPdakAEKmgy.jpg,Greesel_JKT48,in,"Jakarta Capital Region, Indone",0,0,0,https://x.com/ahmadriiifqy/status/1875554208252113278,1253644912375083011,ahmadriiifqy,Tetap ini icel fav aku
1875553814205624358,Sat Jan 04 14:45:43 +0000 2025,0,@Levi_JKT48 Simpan saja idemu itu,1875554206712734206,,Levi_JKT48,in,"Bandung, Jawa Barat",0,0,0,https://x.com/yuda_Yaudahz/status/1875554206712734206,1699405464461885440,yuda_Yaudahz,Simpan saja idemu itu
1875509349164183770,Sat Jan 04 14:45:42 +0000 2025,0,@CErine_JKT48 @AR_LanaJKT48 @Nachia_JKT48 @Levi_JKT48 nitip kak udh like komen subskrep,1875554201482490036,,CErine_JKT48,in,she/her,0,0,0,https://x.com/rxbpink/status/1875554201482490036,760974684,rxbpink,nitip kak udh like komen subskrep
1875554198231917019,Sat Jan 04 14:45:41 +0000 2025,0,Aku sangat JKT48 coded kah ,1875554198231917019,,,in,.. ,0,0,0,https://x.com/TimeOfLiz/status/1875554198231917019,2651164657,TimeOfLiz,Aku sangat JKT48 coded kah
1875553814205624358,Sat Jan 04 14:45:34 +0000 2025,0,@Levi_JKT48 iya dah,1875554168741790206,,Levi_JKT48,in,,0,0,0,https://x.com/hfdznrhdyt/status/1875554168741790206,1680144133409882112,hfdznrhdyt,iya dah
1875553814205624358,Sat Jan 04 14:45:33 +0000 2025,0,@Levi_JKT48 ternyata kentangnya ketinggalan,1875554165633773783,,Levi_JKT48,in,"Manchester, England",0,0,0,https://x.com/gusszst/status/1875554165633773783,1324860449280544768,gusszst,ternyata kentangnya ketinggalan
1875553814205624358,Sat Jan 04 14:45:33 +0000 2025,0,@Levi_JKT48 kaga usah dahhhh,1875554163637285084,,Levi_JKT48,in,,0,0,0,https://x.com/Novaaa25_/status/1875554163637285084,1173900916795142144,Novaaa25_,kaga usah dahhhh
1875553814205624358,Sat Jan 04 14:45:33 +0000 2025,0,@Levi_JKT48 oke tak paham,1875554162693566648,,Levi_JKT48,in,,0,0,0,https://x.com/Paskah562289/status/1875554162693566648,1777689349989285888,Paskah562289,oke tak paham
1875553814205624358,Sat Jan 04 14:45:32 +0000 2025,0,@Levi_JKT48 simpen aja idemu itu lep....,1875554159971463292,,Levi_JKT48,in,,0,0,0,https://x.com/r4dityaal_/status/1875554159971463292,1642826994051317765,r4dityaal_,simpen aja idemu itu lep
1875553765702693212,Sat Jan 04 14:43:58 +0000 2025,0,ppp gi apa nich? @Moreen_JKT48,1875553765702693212,,,in,,0,0,0,https://x.com/Baaanyuuuu/status/1875553765702693212,1452212307174608896,Baaanyuuuu,ppp gi apa nich
1875529654062501984,Sat Jan 04 14:43:58 +0000 2025,0,@Nala_JKT48 Alone at last - amarah senyum Dan air mata,1875553765249724644,,Nala_JKT48,in,,0,0,0,https://x.com/IlhmFirdaus/status/1875553765249724644,1648678016032329728,IlhmFirdaus,Alone at last amarah senyum Dan air mata
1875552441338622265,Sat Jan 04 14:43:56 +0000 2025,0,@Levi_JKT48 min req lgi min gen 12 exe ,1875553756315840972,,Levi_JKT48,in,,0,0,0,https://x.com/pxmtva/status/1875553756315840972,1799263169053184000,pxmtva,min req lgi min gen 12 exe
1875197783227187349,Sat Jan 04 14:43:53 +0000 2025,0,@SNayla_JKT48 @Nala_JKT48 wkwkwk,1875553743577739314,,SNayla_JKT48,in,di rumah,0,0,0,https://x.com/Jnicecl/status/1875553743577739314,1554814498841583616,Jnicecl,wkwkwk
1875534619430547581,Sat Jan 04 14:43:51 +0000 2025,0,@Levi_JKT48 @AR_LanaJKT48 @CErine_JKT48 Dahlah ,1875553735260397871,,Levi_JKT48,in,,0,0,0,https://x.com/Salsabilatia4ol/status/1875553735260397871,1540360362075103233,Salsabilatia4ol,Dahlah
1875195702093255036,Sat Jan 04 14:43:43 +0000 2025,0,@gitroops @Lily_JKT48 Akibat osih hilang kabar ni ,1875553703975104732,,gitroops,in,,0,0,0,https://x.com/Heroxzy_/status/1875553703975104732,1601756003116384256,Heroxzy_,Akibat osih hilang kabar ni
1875534619430547581,Sat Jan 04 14:43:41 +0000 2025,0,@AR_LanaJKT48 @CErine_JKT48 mahal coy.,1875553693430640742,,AR_LanaJKT48,in,"Bogor, Jawa Barat",0,0,0,https://x.com/mf_kirom/status/1875553693430640742,479515676,mf_kirom,mahal coy
1875553687885791571,Sat Jan 04 14:43:39 +0000 2025,2,puja puji haji jaka @Nala_JKT48 https://t.co/ipdfc5Jjhm,1875553687885791571,https://pbs.twimg.com/ext_tw_video_thumb/1875553669015597059/pu/img/LrItA3av1ZG52aZe.jpg,,in,,0,1,0,https://x.com/adorezaheera/status/1875553687885791571,1721874955254800384,adorezaheera,puja puji haji jaka
1875460911458341026,Sat Jan 04 14:43:38 +0000 2025,0,@A_LuluJKT48 Pengen dengerin yang memeluk raga kecilku versi Lulu JKT48,1875553682118603232,,A_LuluJKT48,in,,0,0,0,https://x.com/adrvlry/status/1875553682118603232,1782755285507219456,adrvlry,Pengen dengerin yang memeluk raga kecilku versi Lulu JKT48
1875552441338622265,Sat Jan 04 14:43:35 +0000 2025,0,@Levi_JKT48 yeayyyy ditunggu yaw,1875553667614699722,,Levi_JKT48,in,,0,0,0,https://x.com/Salsabilatia4ol/status/1875553667614699722,1540360362075103233,Salsabilatia4ol,yeayyyy ditunggu yaw
1875534619430547581,Sat Jan 04 14:43:33 +0000 2025,1,@AR_LanaJKT48 @CErine_JKT48 Keren banget editannya,1875553658840244377,,AR_LanaJKT48,in,,0,0,0,https://x.com/Rafiprasetyo_/status/1875553658840244377,1547170500471709697,Rafiprasetyo_,Keren banget editannya
1875550451254575597,Sat Jan 04 14:43:31 +0000 2025,0,@Aralie_JKT48 malamm ayayiee hmm b aja si lancar-lancar ajaAlhamdulillah. wahhh asikk tuhh aku pasti like komen and repost. iyaa memangg lagii ga tentu cuacanyaa jagaa kesehatan selaluu ya maluvvv selamat beristirahat. GOODNIGHT MALUVVV,1875553654041932079,,Aralie_JKT48,in,,0,0,0,https://x.com/eefggyy/status/1875553654041932079,1845805311082549248,eefggyy,malamm ayayiee hmm b aja si lancarlancar ajaAlhamdulillah wahhh asikk tuhh aku pasti like komen and repost iyaa memangg lagii ga tentu cuacanyaa jagaa kesehatan selaluu ya maluvvv selamat beristirahat GOODNIGHT MALUVVV
1875534619430547581,Sat Jan 04 14:43:29 +0000 2025,0,@AR_LanaJKT48 @CErine_JKT48 keren lan semoga skillnya semakin meningkat,1875553643547787482,,AR_LanaJKT48,in,pluto,0,0,0,https://x.com/salmakhrns1/status/1875553643547787482,1459435619378085891,salmakhrns1,keren lan semoga skillnya semakin meningkat
1875519433747394750,Sat Jan 04 14:43:25 +0000 2025,0,@Greesel_JKT48 kwkwkwk lucuu,1875553628364402708,,Greesel_JKT48,in,"Jakarta Selatan, DKI Jakarta",0,0,0,https://x.com/kyleSaysonnn/status/1875553628364402708,1737187706852290563,kyleSaysonnn,kwkwkwk lucuu
1875220511804027229,Sat Jan 04 14:43:23 +0000 2025,0,@dioramaaa @CErine_JKT48 Mahkota mu sedang di cor king,1875553617396297972,,dioramaaa,in,,0,0,0,https://x.com/RAHMATTEGARSAP2/status/1875553617396297972,1572148643423195136,RAHMATTEGARSAP2,Mahkota mu sedang di cor king
1875552441338622265,Sat Jan 04 14:43:21 +0000 2025,0,@Levi_JKT48 Manaa kocak dah bolak-balik cek tiktok ga ada #LeVlog,1875553610249167061,,Levi_JKT48,in,"Balikpapan, Kalimantan Timur",0,0,0,https://x.com/Itsmeedaman/status/1875553610249167061,448634013,Itsmeedaman,Manaa kocak dah bolakbalik cek tiktok ga ada
1875534619430547581,Sat Jan 04 14:43:19 +0000 2025,0,@AR_LanaJKT48 @CErine_JKT48 Keren wkwkwkwk,1875553602468773948,,AR_LanaJKT48,in,Democratic People's Republic,0,0,0,https://x.com/ndrararara/status/1875553602468773948,1290054014176915457,ndrararara,Keren wkwkwkwk
1875550451254575597,Sat Jan 04 14:43:12 +0000 2025,0,@Aralie_JKT48 Malam juga ci aralie Menyenangkan cii lancar jaya okeh Otw cekk disini juga tadi hujan + berpetir sedikit menyeramkan tapi gpph awokwk udh malam ini saatnya istirahat wkwk GN luvv,1875553574702477708,,Aralie_JKT48,in,Indonesia,0,0,0,https://x.com/SiKuraSlow/status/1875553574702477708,1813937088775282688,SiKuraSlow,Malam juga ci aralie Menyenangkan cii lancar jaya okeh Otw cekk disini juga tadi hujan berpetir sedikit menyeramkan tapi gpph awokwk udh malam ini saatnya istirahat wkwk GN luvv
1875534619430547581,Sat Jan 04 14:43:10 +0000 2025,0,@Levi_JKT48 @AR_LanaJKT48 @CErine_JKT48 Gas lawan lev,1875553566368395572,,Levi_JKT48,in,,0,0,0,https://x.com/Bakeriez1/status/1875553566368395572,1021370846525321216,Bakeriez1,Gas lawan lev
1875534619430547581,Sat Jan 04 14:41:56 +0000 2025,0,@Levi_JKT48 @AR_LanaJKT48 @CErine_JKT48 ini lagi,1875553255591440453,,Levi_JKT48,in,,0,0,0,https://x.com/Kthdzeruu/status/1875553255591440453,1570396558365200384,Kthdzeruu,ini lagi
1875534619430547581,Sat Jan 04 14:41:52 +0000 2025,0,@Levi_JKT48 @AR_LanaJKT48 @CErine_JKT48 Wkwkwk cobain bikin coba,1875553238935904716,,Levi_JKT48,in,"Cimahi Utara, Indonesia",0,0,0,https://x.com/unyab13/status/1875553238935904716,1789906065028677632,unyab13,Wkwkwk cobain bikin coba
1875550451254575597,Sat Jan 04 14:41:52 +0000 2025,1,@Aralie_JKT48 MALAMM ARALIEEE hari ini lancarr broo udaa liat tadii beh keren deh kamuu eh tadi sore abis hujan langitnya cakep bangett istirahatt kamuu GN ARALIEEE ,1875553235597226013,,Aralie_JKT48,in,,0,0,0,https://x.com/moaraa67/status/1875553235597226013,1732736921049370624,moaraa67,MALAMM ARALIEEE hari ini lancarr broo udaa liat tadii beh keren deh kamuu eh tadi sore abis hujan langitnya cakep bangett istirahatt kamuu GN ARALIEEE
1875534619430547581,Sat Jan 04 14:41:51 +0000 2025,0,@Levi_JKT48 @AR_LanaJKT48 @CErine_JKT48 banyak mau ny ni,1875553231780376875,,Levi_JKT48,in,"Surakarta, Jawa Tengah",0,0,0,https://x.com/DagDigDugDeerr/status/1875553231780376875,2303201406,DagDigDugDeerr,banyak mau ny ni
1875552441338622265,Sat Jan 04 14:41:47 +0000 2025,1,@Levi_JKT48 upload di jeketi tivi gas,1875553215972024440,,Levi_JKT48,in,"Surakarta, Jawa Tengah",0,0,0,https://x.com/DagDigDugDeerr/status/1875553215972024440,2303201406,DagDigDugDeerr,upload di jeketi tivi gas
1875550451254575597,Sat Jan 04 14:41:44 +0000 2025,0,@Aralie_JKT48 malam aralieyy! hari inii lancarr senang sekali hari inii kamu gimanaa? besokk pagi aku cekk yapp besok kegiatan padett jadi harus istirahat awal selamat beristirahat gn ,1875553202793542067,,Aralie_JKT48,in,Aralie,0,0,0,https://x.com/aimannnal/status/1875553202793542067,1240705689795756032,aimannnal,malam aralieyy hari inii lancarr senang sekali hari inii kamu gimanaa besokk pagi aku cekk yapp besok kegiatan padett jadi harus istirahat awal selamat beristirahat gn
1875552441338622265,Sat Jan 04 14:41:43 +0000 2025,0,@Levi_JKT48 gasss up lep gasabar mau liat,1875553197777129627,,Levi_JKT48,in,her„Ö§„Ö§„Ö§„Ö§„Ö§„Ö§„Ö§„Ö§„Ö§„Ö§„Ö§„Ö§„Ö§,0,0,0,https://x.com/k3eenv/status/1875553197777129627,1680609854833192960,k3eenv,gasss up lep gasabar mau liat
1875552441338622265,Sat Jan 04 14:41:39 +0000 2025,0,@Levi_JKT48 Langsung aja gak sih?,1875553181054464123,,Levi_JKT48,in,,0,0,0,https://x.com/VgV_ID/status/1875553181054464123,1871151807302610945,VgV_ID,Langsung aja gak sih
1875534619430547581,Sat Jan 04 14:41:37 +0000 2025,0,@Levi_JKT48 @AR_LanaJKT48 @CErine_JKT48 bnyk mau,1875553172967829736,,Levi_JKT48,in,"Kota Bandung, Jawa Barat",0,0,0,https://x.com/Ndyoline/status/1875553172967829736,1756227405503725568,Ndyoline,bnyk mau
1875552441338622265,Sat Jan 04 14:41:30 +0000 2025,0,@alvintaufiqul27 @Levi_JKT48 Izin bang di upload ny di mana yak hehe,1875553144735977891,,alvintaufiqul27,in,"Bengkulu, Indonesia",0,0,0,https://x.com/Nandohardinata/status/1875553144735977891,1761063236894629888,Nandohardinata,Izin bang di upload ny di mana yak hehe
1875552441338622265,Sat Jan 04 14:41:27 +0000 2025,0,@Levi_JKT48 aku kagem atas kinerja mu le,1875553133805658152,,Levi_JKT48,in,,0,0,0,https://x.com/FauzilAzim6/status/1875553133805658152,1172076045492572160,FauzilAzim6,aku kagem atas kinerja mu le
1875534619430547581,Sat Jan 04 14:41:25 +0000 2025,0,@Levi_JKT48 @AR_LanaJKT48 @CErine_JKT48 tf dulu kata lana,1875553125320552943,,Levi_JKT48,in,Bumi,0,0,0,https://x.com/igunneeee/status/1875553125320552943,1862061890245120000,igunneeee,tf dulu kata lana
1875534619430547581,Sat Jan 04 14:41:17 +0000 2025,0,@Levi_JKT48 @AR_LanaJKT48 @CErine_JKT48 paket lengkap + cireng,1875553091208278418,,Levi_JKT48,in,her„Ö§„Ö§„Ö§„Ö§„Ö§„Ö§„Ö§„Ö§„Ö§„Ö§„Ö§„Ö§„Ö§,0,0,0,https://x.com/k3eenv/status/1875553091208278418,1680609854833192960,k3eenv,paket lengkap cireng
1875509349164183770,Sat Jan 04 14:41:17 +0000 2025,0,@CErine_JKT48 @AR_LanaJKT48 @Nachia_JKT48 @Levi_JKT48 Gasin yaaaa,1875553090432323690,,CErine_JKT48,in,Democratic People's Republic,0,0,0,https://x.com/ndrararara/status/1875553090432323690,1290054014176915457,ndrararara,Gasin yaaaa
1875534619430547581,Sat Jan 04 14:41:16 +0000 2025,0,@Levi_JKT48 @AR_LanaJKT48 @CErine_JKT48 hahahahah sudah sudah lev,1875553088213545049,,Levi_JKT48,in,,0,0,0,https://x.com/arwnsyh48/status/1875553088213545049,1712984799009521664,arwnsyh48,hahahahah sudah sudah lev
1875512141882781815,Sat Jan 04 14:41:15 +0000 2025,0,@Rilly_JKT48 kocak km,1875553082211496026,,Rilly_JKT48,in,,0,0,0,https://x.com/andrzlnmee/status/1875553082211496026,1775190551060774912,andrzlnmee,kocak km
1875509349164183770,Sat Jan 04 14:41:10 +0000 2025,0,@Levi_JKT48 @AR_LanaJKT48 @Nachia_JKT48 gokil min,1875553060241674634,,Levi_JKT48,in,,0,0,0,https://x.com/w000nderkid/status/1875553060241674634,1687781073227554816,w000nderkid,gokil min
1875550451254575597,Sat Jan 04 14:41:09 +0000 2025,0,@Aralie_JKT48 malam bii hari ini bad lumayan lancar okeii otw liat istirahat yg cukup ya bi good night ,1875553058681450718,,Aralie_JKT48,in,,0,0,0,https://x.com/zqnxavi/status/1875553058681450718,1792051697772310528,zqnxavi,malam bii hari ini bad lumayan lancar okeii otw liat istirahat yg cukup ya bi good night
1875552441338622265,Sat Jan 04 14:41:07 +0000 2025,0,@Levi_JKT48 Di tunggu,1875553047558185111,,Levi_JKT48,in,,0,0,0,https://x.com/CAhdoh13/status/1875553047558185111,1592616742433751041,CAhdoh13,Di tunggu
1875550451254575597,Sat Jan 04 14:41:01 +0000 2025,0,@Aralie_JKT48 malam menn. Seruk sekali otw langsung gas cek lah aku wih seru bangett gimana langitnya bagus gaa. Wkwk aktif ya kamu gn menn ,1875553024925675654,,Aralie_JKT48,in,,0,0,0,https://x.com/kayinataD/status/1875553024925675654,1858482022190374912,kayinataD,malam menn Seruk sekali otw langsung gas cek lah aku wih seru bangett gimana langitnya bagus gaa Wkwk aktif ya kamu gn menn
1875552441338622265,Sat Jan 04 14:41:01 +0000 2025,0,@Levi_JKT48 udahh engga sabar nih mau nonton,1875553022174236763,,Levi_JKT48,in,Jakarta Capital Region,0,0,0,https://x.com/kiksm02/status/1875553022174236763,1574962321478545409,kiksm02,udahh engga sabar nih mau nonton
1875462504345956518,Sat Jan 04 14:40:58 +0000 2025,0,@M_OlineJKT48 @Michie_JKT48 mulaii mulaiiii,1875553012141453780,,M_OlineJKT48,in,,0,0,0,https://x.com/yomchlle/status/1875553012141453780,1816321126710272002,yomchlle,mulaii mulaiiii
1875534619430547581,Sat Jan 04 14:40:58 +0000 2025,0,@AR_LanaJKT48 @CErine_JKT48 bjirlh sound nya,1875553010346303496,,AR_LanaJKT48,in,,0,0,0,https://x.com/__inirizz/status/1875553010346303496,1797997876074999808,__inirizz,bjirlh sound nya
1875552441338622265,Sat Jan 04 14:40:58 +0000 2025,0,@Levi_JKT48 Gaas share buru ngenggggg,1875553009121497377,,Levi_JKT48,in,Democratic People's Republic,0,0,0,https://x.com/ndrararara/status/1875553009121497377,1290054014176915457,ndrararara,Gaas share buru ngenggggg
1875552441338622265,Sat Jan 04 14:40:58 +0000 2025,2,@Levi_JKT48 ayukkk upload sekarangg,1875553008941199400,,Levi_JKT48,in,Bumi,0,0,0,https://x.com/igunneeee/status/1875553008941199400,1862061890245120000,igunneeee,ayukkk upload sekarangg
1875552441338622265,Sat Jan 04 14:40:55 +0000 2025,0,@Levi_JKT48 ditunggu min,1875552998719680937,,Levi_JKT48,in,,0,0,0,https://x.com/itrraar/status/1875552998719680937,1543011058465796096,itrraar,ditunggu min
1875552979232927779,Sat Jan 04 14:40:50 +0000 2025,1,Hanya kamu yang mengerti gelombang kepala inii @Aralie_JKT48 https://t.co/Dw4M8tB24J,1875552979232927779,https://pbs.twimg.com/ext_tw_video_thumb/1875552814610657280/pu/img/6HayuuJQAsBjFNi0.jpg,,in,,0,0,0,https://x.com/hsyifadmynti/status/1875552979232927779,1611725109492084736,hsyifadmynti,Hanya kamu yang mengerti gelombang kepala inii
1875542791553741227,Sat Jan 04 14:40:49 +0000 2025,0,@officialJKT48 @Greesel_JKT48 Cie Hbd Ya,1875552972970848525,,officialJKT48,in,"South Borneo, Indonesia",0,0,0,https://x.com/DayatGps12/status/1875552972970848525,725891288176824322,DayatGps12,Cie Hbd Ya
1875547993153351732,Sat Jan 04 14:40:49 +0000 2025,0,@I_KathrinaJKT48 @Delynn_JKT48 cantik bgt kak sutepi,1875552971746111744,,I_KathrinaJKT48,in,"Depok, Indonesia",0,0,0,https://x.com/import_panda/status/1875552971746111744,1078655682872631297,import_panda,cantik bgt kak sutepi
1875534619430547581,Sat Jan 04 14:40:47 +0000 2025,1,@Levi_JKT48 @AR_LanaJKT48 @CErine_JKT48 gass lagi,1875552965957972302,,Levi_JKT48,in,,0,0,0,https://x.com/S_wafaaaa/status/1875552965957972302,1823354875469848576,S_wafaaaa,gass lagi
1875552961109356755,Sat Jan 04 14:40:46 +0000 2025,0,Kagum banget liat dance nya fritz energi nya ada detail nya oke selalu menarik buat diliat. Sehari lalu baru upload cover gfriend padahal menyala terusss fritz yang mau punya KTP biru tahun ini @RFritzy_JKT48,1875552961109356755,,,in,,0,0,0,https://x.com/dinoconian/status/1875552961109356755,1255375143465111553,dinoconian,Kagum banget liat dance nya fritz energi nya ada detail nya oke selalu menarik buat diliat Sehari lalu baru upload cover gfriend padahal menyala terusss fritz yang mau punya KTP biru tahun ini
1875550451254575597,Sat Jan 04 14:40:45 +0000 2025,0,@Aralie_JKT48 MALAMM ARALIEE alhamdulilah lancar aman jaya hari ini kamu gimanaa? berjalan dengan lancar tidak? aku sempat santai aja nanti aku cek yaaa langit malam ini emang lagi keliatan jelas gara hujan tp kalo abis hujan mending tidur karna waktu sudah berkata lain gn aralieee,1875552954687877299,,Aralie_JKT48,in,her„Ö§„Ö§„Ö§„Ö§„Ö§„Ö§„Ö§„Ö§„Ö§„Ö§„Ö§„Ö§„Ö§,0,0,0,https://x.com/k3eenv/status/1875552954687877299,1680609854833192960,k3eenv,MALAMM ARALIEE alhamdulilah lancar aman jaya hari ini kamu gimanaa berjalan dengan lancar tidak aku sempat santai aja nanti aku cek yaaa langit malam ini emang lagi keliatan jelas gara hujan tp kalo abis hujan mending tidur karna waktu sudah berkata lain gn aralieee
1875550747942907987,Sat Jan 04 14:40:43 +0000 2025,0,@robbysputra @Levi_JKT48 pamer banget tadi dia wkwkw,1875552948237037656,,robbysputra,in,,0,0,0,https://x.com/FauzilAzim6/status/1875552948237037656,1172076045492572160,FauzilAzim6,pamer banget tadi dia wkwkw
1875552441338622265,Sat Jan 04 14:40:39 +0000 2025,0,@Levi_JKT48 ditunggu uploadnyaa,1875552929035514188,,Levi_JKT48,in,"East Java, Indonesia",0,0,0,https://x.com/reexin25/status/1875552929035514188,1676971361804374017,reexin25,ditunggu uploadnyaa
1875110008075239692,Sat Jan 04 14:40:37 +0000 2025,0,@JTrisha_JKT48 Baru mau minta yang otomatis ,1875552920915333562,,JTrisha_JKT48,in,Jakarta 12940,0,0,0,https://x.com/Alfi1967/status/1875552920915333562,379678899,Alfi1967,Baru mau minta yang otomatis
1875534619430547581,Sat Jan 04 14:40:35 +0000 2025,0,@Levi_JKT48 @AR_LanaJKT48 @CErine_JKT48 Kalo mau req harus paket lengkap dulu,1875552912438616237,,Levi_JKT48,in,"Kota Bogor, Jawa Barat",0,0,0,https://x.com/mhmddafi_/status/1875552912438616237,1537176473999536128,mhmddafi_,Kalo mau req harus paket lengkap dulu
1875550451254575597,Sat Jan 04 14:40:34 +0000 2025,0,@Aralie_JKT48 malam bigail so far so good alhamdulilah lancar semua hbs reply ini langsung otw liat tiktoknya polusi di langitnya menghilang krn hjn kah? sdh malam bigail jgn trll dipaksakan tenaganya walau msh kuat take a rest ya ,1875552911071310076,,Aralie_JKT48,in,,0,0,0,https://x.com/fitsob/status/1875552911071310076,1074536264802562049,fitsob,malam bigail so far so good alhamdulilah lancar semua hbs reply ini langsung otw liat tiktoknya polusi di langitnya menghilang krn hjn kah sdh malam bigail jgn trll dipaksakan tenaganya walau msh kuat take a rest ya
1875550451254575597,Sat Jan 04 14:40:34 +0000 2025,0,@Aralie_JKT48 Malam baby Lumayan lancar sih hari ini ak liburan sebelum Senin nanti ke sklh lagi cmn tadi pagi ad yang bapa¬≤ kecelakaan tahu by kasian banget untung udh ad ambulance tadi datang setelah itu ak tadi main di pantai sama di Timezone ini baru sampe rumah Good night bby,1875552909896855837,,Aralie_JKT48,in,"Bengkulu, Indonesia",0,0,0,https://x.com/Nandohardinata/status/1875552909896855837,1761063236894629888,Nandohardinata,Malam baby Lumayan lancar sih hari ini ak liburan sebelum Senin nanti ke sklh lagi cmn tadi pagi ad yang bapa¬≤ kecelakaan tahu by kasian banget untung udh ad ambulance tadi datang setelah itu ak tadi main di pantai sama di Timezone ini baru sampe rumah Good night bby
1875552441338622265,Sat Jan 04 14:40:31 +0000 2025,1,@Levi_JKT48 ditunggu upload nya,1875552897410461717,,Levi_JKT48,in,Dalem Kulkas Lagi Rebahan,0,0,0,https://x.com/fajarag70/status/1875552897410461717,808465005209210881,fajarag70,ditunggu upload nya
1875550451254575597,Sat Jan 04 14:40:28 +0000 2025,0,@Aralie_JKT48 hari ini baik aja kok...tapi pas pulang kegiatan tadi kehujanan jadi agak gaenak badan SIAP OTW BUKA TIKTOK GN ARALIEEE,1875552885003665850,,Aralie_JKT48,in,,0,0,0,https://x.com/AbigailKil72787/status/1875552885003665850,1804704295402790912,AbigailKil72787,hari ini baik aja koktapi pas pulang kegiatan tadi kehujanan jadi agak gaenak badan SIAP OTW BUKA TIKTOK GN ARALIEEE
1875534619430547581,Sat Jan 04 14:40:28 +0000 2025,0,@Levi_JKT48 @AR_LanaJKT48 @CErine_JKT48 Buatlah kan kamu ratu jj nya,1875552884919824835,,Levi_JKT48,in,Lagi Rebahan,0,0,0,https://x.com/Frosssaaa/status/1875552884919824835,1270694217535250432,Frosssaaa,Buatlah kan kamu ratu jj nya
1875550451254575597,Sat Jan 04 14:40:27 +0000 2025,0,@Aralie_JKT48 malamm jugaa aralieee aku sukaa bangett sama vidio tiktok kamu kerenn kapan ostt lagi yg full nyy gn jugaaa araliee ,1875552881878909359,,Aralie_JKT48,in,Bumi,0,0,0,https://x.com/igunneeee/status/1875552881878909359,1862061890245120000,igunneeee,malamm jugaa aralieee aku sukaa bangett sama vidio tiktok kamu kerenn kapan ostt lagi yg full nyy gn jugaaa araliee
1875552441338622265,Sat Jan 04 14:40:25 +0000 2025,0,@Levi_JKT48 ditunggu lepihh #LeVlog nyaa aku suda tydak sabarh,1875552871602934153,,Levi_JKT48,in,misel lepia,0,0,0,https://x.com/bakonory/status/1875552871602934153,1410382810943156226,bakonory,ditunggu lepihh nyaa aku suda tydak sabarh
1875534619430547581,Sat Jan 04 14:40:23 +0000 2025,0,@Levi_JKT48 @AR_LanaJKT48 @CErine_JKT48 Knp gk jogja istimewa aja soundnya,1875552865441415632,,Levi_JKT48,in,,0,0,0,https://x.com/irkhamm_/status/1875552865441415632,1776934650428182528,irkhamm_,Knp gk jogja istimewa aja soundnya
1875552861804962270,Sat Jan 04 14:40:22 +0000 2025,1,udah mam jangan lupa minum nyaa yakk @Delynn_JKT48 #IngatMinumDelynn,1875552861804962270,,,in,,0,0,0,https://x.com/AriobimoY/status/1875552861804962270,1218830663643648000,AriobimoY,udah mam jangan lupa minum nyaa yakk
1875550451254575597,Sat Jan 04 14:40:22 +0000 2025,0,@Aralie_JKT48 Malam Ayayiiii hari ini aman aja! Aku libur jadi bisa santai di rumah... Sempet tidur siang juga Ô∏è Oke nanti diliat vid nya Yap sekarang waktunya kamu istirahat lie semoga tidurmu nyenyak ya!! ,1875552861276532940,,Aralie_JKT48,in,Cilacap,0,0,0,https://x.com/kuwenimango/status/1875552861276532940,811786668009144320,kuwenimango,Malam Ayayiiii hari ini aman aja Aku libur jadi bisa santai di rumah Sempet tidur siang juga Oke nanti diliat vid nya Yap sekarang waktunya kamu istirahat lie semoga tidurmu nyenyak ya
1875529654062501984,Sat Jan 04 14:40:21 +0000 2025,0,@Nala_JKT48 Tanya oniel,1875552857199669653,,Nala_JKT48,in,,0,0,0,https://x.com/dododo_87/status/1875552857199669653,1427172897462775809,dododo_87,Tanya oniel
1875552441338622265,Sat Jan 04 14:40:17 +0000 2025,0,@Levi_JKT48 Syukur deh ditunggu upload nya Lev,1875552840506368140,,Levi_JKT48,in,IndonesiaüáÆüá©,0,0,0,https://x.com/Aldino_FP/status/1875552840506368140,1734887418606792704,Aldino_FP,Syukur deh ditunggu upload nya Lev
1875534619430547581,Sat Jan 04 14:40:17 +0000 2025,0,@Levi_JKT48 @AR_LanaJKT48 @CErine_JKT48 gausah,1875552837616427245,,Levi_JKT48,in,,0,0,0,https://x.com/zRNline/status/1875552837616427245,1777528769898856448,zRNline,gausah
1875552441338622265,Sat Jan 04 14:40:16 +0000 2025,0,@Levi_JKT48 Ditunggu upload nyaa,1875552833455657459,,Levi_JKT48,in,,0,0,0,https://x.com/Marinda_738/status/1875552833455657459,1489599516047122433,Marinda_738,Ditunggu upload nyaa
1875534619430547581,Sat Jan 04 14:40:14 +0000 2025,0,@CErine_JKT48 @AR_LanaJKT48 woilah,1875552824932851847,,CErine_JKT48,in,,0,0,0,https://x.com/ym_nazey/status/1875552824932851847,1435884411107504128,ym_nazey,woilah
1875552441338622265,Sat Jan 04 14:40:11 +0000 2025,0,@Levi_JKT48 syukur deh tinggal nunggu,1875552811813105980,,Levi_JKT48,in,,0,0,0,https://x.com/Rrrrrrrrrrizki/status/1875552811813105980,1799335345886216192,Rrrrrrrrrrizki,syukur deh tinggal nunggu
1875534619430547581,Sat Jan 04 14:40:05 +0000 2025,0,@Levi_JKT48 @AR_LanaJKT48 @CErine_JKT48 nggihhpunn manutt manut mawon,1875552788790571307,,Levi_JKT48,in,,0,0,0,https://x.com/apaeppo/status/1875552788790571307,1786045214769152000,apaeppo,nggihhpunn manutt manut mawon
1875552783627382916,Sat Jan 04 14:40:04 +0000 2025,3,Inget sih @Levi_JKT48 tapi dia ga inget aku https://t.co/E5UfwcBcZx,1875552783627382916,https://pbs.twimg.com/ext_tw_video_thumb/1875552531272933376/pu/img/Zf74ZIBZwjfusuoa.jpg,,in,"Depok, Indonesia",0,1,1,https://x.com/rizkyp8mei/status/1875552783627382916,78233280,rizkyp8mei,Inget sih tapi dia ga inget aku
1875534619430547581,Sat Jan 04 14:40:02 +0000 2025,0,@Levi_JKT48 @AR_LanaJKT48 @CErine_JKT48 banyak mau wkwk tuh ada request lagi @AR_LanaJKT48,1875552777105207476,,Levi_JKT48,in,,0,0,0,https://x.com/alreza200421111/status/1875552777105207476,1588173263179767809,alreza200421111,banyak mau wkwk tuh ada request lagi
1875534619430547581,Sat Jan 04 14:40:00 +0000 2025,0,@Levi_JKT48 @AR_LanaJKT48 @CErine_JKT48 puji dulu lah editannya,1875552769001845136,,Levi_JKT48,in,di rumah,0,0,0,https://x.com/Jnicecl/status/1875552769001845136,1554814498841583616,Jnicecl,puji dulu lah editannya
1875552441338622265,Sat Jan 04 14:40:00 +0000 2025,5,@Levi_JKT48 Aku udh can t waitt ayok dong up,1875552767194055098,,Levi_JKT48,in,,0,0,0,https://x.com/Le_ViosaID/status/1875552767194055098,1725782394928758784,Le_ViosaID,Aku udh can t waitt ayok dong up
1875534619430547581,Sat Jan 04 14:39:56 +0000 2025,0,@Levi_JKT48 @AR_LanaJKT48 @CErine_JKT48 Jangan,1875552751058612565,,Levi_JKT48,in,,0,0,0,https://x.com/Neyf_27/status/1875552751058612565,1780442491118067712,Neyf_27,Jangan
1875534619430547581,Sat Jan 04 14:39:56 +0000 2025,0,@Levi_JKT48 @AR_LanaJKT48 @CErine_JKT48 Gass lawan lagi wkwk,1875552750710440350,,Levi_JKT48,in,"Kota Palembang, Sumatera Selat",0,0,0,https://x.com/Novryan07/status/1875552750710440350,1445619998769106952,Novryan07,Gass lawan lagi wkwk
1875552441338622265,Sat Jan 04 14:39:28 +0000 2025,2,@Levi_JKT48 di tunggu vlog nya,1875552631353197043,,Levi_JKT48,in,,0,0,0,https://x.com/rffnfz/status/1875552631353197043,1453937233820413956,rffnfz,di tunggu vlog nya
1875552441338622265,Sat Jan 04 14:39:24 +0000 2025,0,@Levi_JKT48 alhamdulillah,1875552616966713510,,Levi_JKT48,in,Yogyakarta,0,0,0,https://x.com/yogsditya/status/1875552616966713510,1491600762795094016,yogsditya,alhamdulillah
1875552441338622265,Sat Jan 04 14:39:23 +0000 2025,0,@Levi_JKT48 gassa tinggl nonton,1875552611388289424,,Levi_JKT48,in,,0,0,0,https://x.com/pasukankaktuss/status/1875552611388289424,1655546140140662784,pasukankaktuss,gassa tinggl nonton
1875552441338622265,Sat Jan 04 14:39:23 +0000 2025,0,@Levi_JKT48 Lesgoo gak sabar liat hasilnya,1875552610218074341,,Levi_JKT48,in,,0,0,0,https://x.com/Nadelinevilamor/status/1875552610218074341,1785683638342004737,Nadelinevilamor,Lesgoo gak sabar liat hasilnya
1875542791553741227,Sat Jan 04 14:39:22 +0000 2025,0,@officialJKT48 Oke sekarang Setlist SnM versi JKT48 kapan rilis di platform musik?,1875552606665478455,,officialJKT48,in,"Kota Surabaya, Jawa Timur",0,0,0,https://x.com/_Mamatomodachi/status/1875552606665478455,1701081912117518336,_Mamatomodachi,Oke sekarang Setlist SnM versi JKT48 kapan rilis di platform musik
1875552441338622265,Sat Jan 04 14:39:21 +0000 2025,0,@Levi_JKT48 Kabarin nanti upload dimana yak,1875552603322642488,,Levi_JKT48,in,,0,0,0,https://x.com/RafiandraFS/status/1875552603322642488,744677899,RafiandraFS,Kabarin nanti upload dimana yak
1875552441338622265,Sat Jan 04 14:39:21 +0000 2025,0,@Levi_JKT48 syukur deh ditunggu upload nya,1875552602185986282,,Levi_JKT48,in,,0,0,0,https://x.com/alreza200421111/status/1875552602185986282,1588173263179767809,alreza200421111,syukur deh ditunggu upload nya
1875552441338622265,Sat Jan 04 14:39:18 +0000 2025,0,@Levi_JKT48 mw lihatttt,1875552592752968116,,Levi_JKT48,in,,0,0,0,https://x.com/ptrimelda_/status/1875552592752968116,1726933051706638336,ptrimelda_,mw lihatttt
1875552441338622265,Sat Jan 04 14:39:17 +0000 2025,0,@Levi_JKT48 Ayo upload!!! Aku akan menjadi penonton yg 0 5,1875552585836589092,,Levi_JKT48,in,"Depok, Jawa Barat",0,0,0,https://x.com/bayuuuppp/status/1875552585836589092,1194081814089854976,bayuuuppp,Ayo upload Aku akan menjadi penonton yg 0 5
1875552441338622265,Sat Jan 04 14:39:15 +0000 2025,0,@Levi_JKT48 ditunggu chell,1875552580262359493,,Levi_JKT48,in,,0,0,0,https://x.com/Bmrzki/status/1875552580262359493,1543978351605723136,Bmrzki,ditunggu chell
1875552441338622265,Sat Jan 04 14:39:15 +0000 2025,1,@Levi_JKT48 Upload sekarang,1875552576860778960,,Levi_JKT48,in,¬±709 - +113,0,1,0,https://x.com/alvintaufiqul27/status/1875552576860778960,1649731872526856197,alvintaufiqul27,Upload sekarang
1875552441338622265,Sat Jan 04 14:39:13 +0000 2025,0,@Levi_JKT48 Mantap nih,1875552571664015735,,Levi_JKT48,in, Bandung,0,0,0,https://x.com/muhaldii_/status/1875552571664015735,1738728086370443265,muhaldii_,Mantap nih
1875550451254575597,Sat Jan 04 14:39:13 +0000 2025,0,@Aralie_JKT48 MALAM ARALIE lumayan baik dan full ngantuk sihh ya abis ini langsung otww cek Selamat istirahat ,1875552570229584312,,Aralie_JKT48,in,,0,0,0,https://x.com/arnwndt11/status/1875552570229584312,1223073013442105344,arnwndt11,MALAM ARALIE lumayan baik dan full ngantuk sihh ya abis ini langsung otww cek Selamat istirahat
1875552441338622265,Sat Jan 04 14:39:13 +0000 2025,0,@Levi_JKT48 Manaaaa Aku sudah tidak sabar melihat #LeVlog,1875552568270843973,,Levi_JKT48,in,Lagi Rebahan,0,0,0,https://x.com/Frosssaaa/status/1875552568270843973,1270694217535250432,Frosssaaa,Manaaaa Aku sudah tidak sabar melihat
1875541096140505195,Sat Jan 04 14:39:12 +0000 2025,0,@davidjoe__ @Ekin_JKT48 ekin oshi sabar bgt,1875552567197151260,,davidjoe__,in,"Edinburgh, Scotland",0,0,0,https://x.com/micyeeel/status/1875552567197151260,1847680840849129472,micyeeel,ekin oshi sabar bgt
1875550451254575597,Sat Jan 04 14:39:11 +0000 2025,0,@Aralie_JKT48 Malam cantikk udh liat ko sukaaaa bngttt makasihhh yaaa selamat istirahat good night,1875552559907446995,,Aralie_JKT48,in,,0,0,0,https://x.com/_wndwlndri/status/1875552559907446995,1752994414019149824,_wndwlndri,Malam cantikk udh liat ko sukaaaa bngttt makasihhh yaaa selamat istirahat good night
1875552441338622265,Sat Jan 04 14:39:10 +0000 2025,2,@Levi_JKT48 Inii dia kpn upload nyaaa,1875552556946223584,,Levi_JKT48,in,,0,0,0,https://x.com/RizkyAlw/status/1875552556946223584,1348639620783697925,RizkyAlw,Inii dia kpn upload nyaaa
1875552441338622265,Sat Jan 04 14:39:10 +0000 2025,0,@Levi_JKT48 Mana cepat ,1875552556891697159,,Levi_JKT48,in,"Kota Palembang, Sumatera Selat",0,0,0,https://x.com/Novryan07/status/1875552556891697159,1445619998769106952,Novryan07,Mana cepat
1875552441338622265,Sat Jan 04 14:39:07 +0000 2025,0,@Levi_JKT48 di tunggu bg,1875552547135746336,,Levi_JKT48,in,,0,0,0,https://x.com/ym_nazey/status/1875552547135746336,1435884411107504128,ym_nazey,di tunggu bg
1875552441338622265,Sat Jan 04 14:39:07 +0000 2025,0,@Levi_JKT48 di tunggu,1875552543289507851,,Levi_JKT48,in,"Bogor Timur, Indonesia",0,0,0,https://x.com/akews_wah/status/1875552543289507851,1754955078191218688,akews_wah,di tunggu
1875534619430547581,Sat Jan 04 14:39:06 +0000 2025,0,@M_OlineJKT48 @AR_LanaJKT48 @CErine_JKT48 keren lah itu editan nya,1875552542903632326,,M_OlineJKT48,in,,0,0,0,https://x.com/sasasasa_21/status/1875552542903632326,1550730020804792320,sasasasa_21,keren lah itu editan nya
1875526161096446211,Sat Jan 04 14:39:06 +0000 2025,0,@Delynn_JKT48 Beli gas diwarung ipul GASFULL,1875552540663935184,,Delynn_JKT48,in,,0,0,0,https://x.com/Agungbagussa/status/1875552540663935184,582575933,Agungbagussa,Beli gas diwarung ipul GASFULL
1875534619430547581,Sat Jan 04 14:39:04 +0000 2025,452,@AR_LanaJKT48 @CErine_JKT48 aku pengen versi cing ciripit,1875552532942221426,,AR_LanaJKT48,in,,1,39,16,https://x.com/Levi_JKT48/status/1875552532942221426,1725200414822580227,Levi_JKT48,aku pengen versi cing ciripit
1875552441338622265,Sat Jan 04 14:39:03 +0000 2025,1,@Levi_JKT48 Puji tuhan sudah jadi tinggal nonton,1875552530153009656,,Levi_JKT48,in,,0,0,0,https://x.com/bassangbotto/status/1875552530153009656,71473754,bassangbotto,Puji tuhan sudah jadi tinggal nonton
1875552441338622265,Sat Jan 04 14:39:02 +0000 2025,0,@Levi_JKT48 Di tunggu ya lev,1875552526051033542,,Levi_JKT48,in,,0,0,0,https://x.com/Dayshie_o/status/1875552526051033542,1869012415385681923,Dayshie_o,Di tunggu ya lev
1875552441338622265,Sat Jan 04 14:39:02 +0000 2025,0,@Levi_JKT48 yeayyy segera inpokannnn,1875552525073707512,,Levi_JKT48,in,,0,0,0,https://x.com/arwnsyh48/status/1875552525073707512,1712984799009521664,arwnsyh48,yeayyy segera inpokannnn
1875552441338622265,Sat Jan 04 14:39:02 +0000 2025,0,@Levi_JKT48 Cihuy kapan d upldnya,1875552522347421791,,Levi_JKT48,in,"Cileungsi, Indonesia",0,0,0,https://x.com/ndu_wijaya/status/1875552522347421791,1654157407893987328,ndu_wijaya,Cihuy kapan d upldnya
1875552441338622265,Sat Jan 04 14:39:01 +0000 2025,0,@Levi_JKT48 Di tunggu ci ,1875552519629500767,,Levi_JKT48,in,,0,0,0,https://x.com/Reallance48/status/1875552519629500767,972798494313299968,Reallance48,Di tunggu ci
1875552441338622265,Sat Jan 04 14:39:00 +0000 2025,0,@Levi_JKT48 tak tunggu lev,1875552517201018945,,Levi_JKT48,in,,0,0,0,https://x.com/jwannnn99/status/1875552517201018945,1571522562336911369,jwannnn99,tak tunggu lev
1875552441338622265,Sat Jan 04 14:39:00 +0000 2025,0,@Levi_JKT48 syukur deh,1875552514621501841,,Levi_JKT48,in,,0,0,0,https://x.com/garg4rgarr/status/1875552514621501841,1614841509911867392,garg4rgarr,syukur deh
1875552441338622265,Sat Jan 04 14:39:00 +0000 2025,0,@Levi_JKT48 Yaudaah upload cepaatt,1875552514017522109,,Levi_JKT48,in,"Medan, Sumatera Utara",0,0,0,https://x.com/Rabbanyn24/status/1875552514017522109,867932712182599680,Rabbanyn24,Yaudaah upload cepaatt
1875552508116136294,Sat Jan 04 14:38:58 +0000 2025,0,@Greesel_JKT48 mending kamu coba minum kopi seminggu 2 atau 3 kopi dulu nanti gitu terus sampe terbiasa minum kopinya. Asal nanti kalau udh terbiasa jangan keterusan wkwkwk #GreeThings,1875552508116136294,,Greesel_JKT48,in,,0,0,0,https://x.com/Ryanrenaldy09/status/1875552508116136294,1039006149050216448,Ryanrenaldy09,mending kamu coba minum kopi seminggu 2 atau 3 kopi dulu nanti gitu terus sampe terbiasa minum kopinya Asal nanti kalau udh terbiasa jangan keterusan wkwkwk
1875477344657535219,Sat Jan 04 14:38:57 +0000 2025,0,@JTrisha_JKT48 Iki ajarane sopo?,1875552504299319634,,JTrisha_JKT48,in,,0,0,0,https://x.com/Aryoardianto_/status/1875552504299319634,1157108789302087680,Aryoardianto_,Iki ajarane sopo
1875509349164183770,Sat Jan 04 14:38:53 +0000 2025,0,@CErine_JKT48 @AR_LanaJKT48 @Nachia_JKT48 @Levi_JKT48 setujuu!! ditunggu,1875552487526297918,,CErine_JKT48,in, Indonesia,0,0,0,https://x.com/olmacth/status/1875552487526297918,1704359558985265152,olmacth,setujuu ditunggu
1875550747942907987,Sat Jan 04 14:38:49 +0000 2025,0,@robbysputra @Levi_JKT48 Iya bang di pamer lagi,1875552468517712115,,robbysputra,in,"Kalimantan Tengah, Indonesia",0,0,0,https://x.com/Nurichsanarsndy/status/1875552468517712115,1187867619325431808,Nurichsanarsndy,Iya bang di pamer lagi
1875536339543978425,Sat Jan 04 14:38:46 +0000 2025,0,@JTrisha_JKT48 pasti isi wardrobenya skena semua,1875552455351808300,,JTrisha_JKT48,in,,0,0,0,https://x.com/banz1y/status/1875552455351808300,1688574375870836736,banz1y,pasti isi wardrobenya skena semua
1875551124062925125,Sat Jan 04 14:38:45 +0000 2025,0,@AprilliVelsID @Rilly_JKT48 Turu min,1875552454336790859,,AprilliVelsID,in,,0,0,0,https://x.com/Nadelinevilamor/status/1875552454336790859,1785683638342004737,Nadelinevilamor,Turu min
1875552441338622265,Sat Jan 04 14:38:42 +0000 2025,441,puji Tuhan #LeVlog sudah jadi tinggal upload,1875552441338622265,,,in,,0,82,17,https://x.com/Levi_JKT48/status/1875552441338622265,1725200414822580227,Levi_JKT48,puji Tuhan sudah jadi tinggal upload
1875550451254575597,Sat Jan 04 14:38:40 +0000 2025,0,@Aralie_JKT48 malamm ayayi hari ini sedikit seru aku sudah lihatt sukak bangettt GN ayayi ,1875552433457484267,,Aralie_JKT48,in,"Bali, Indonesia",0,0,0,https://x.com/acoboyy/status/1875552433457484267,1654385986963664898,acoboyy,malamm ayayi hari ini sedikit seru aku sudah lihatt sukak bangettt GN ayayi
1875536339543978425,Sat Jan 04 14:38:39 +0000 2025,0,@JTrisha_JKT48 Wkwkwkwk mayan gratis,1875552428990562520,,JTrisha_JKT48,in,Democratic People's Republic,0,0,0,https://x.com/ndrararara/status/1875552428990562520,1290054014176915457,ndrararara,Wkwkwkwk mayan gratis
1875550451254575597,Sat Jan 04 14:38:38 +0000 2025,0,@Aralie_JKT48 okee siappp otw bu bosss,1875552425022779646,,Aralie_JKT48,in,"Kalimantan Barat, Indonesia",0,0,0,https://x.com/Adawadel/status/1875552425022779646,1783420756082454528,Adawadel,okee siappp otw bu bosss
1875552387320143998,Sat Jan 04 14:38:29 +0000 2025,0,selamatt malamm giaa gimana kabarnyaa?? @Giaa_JKT48,1875552387320143998,,,in,,0,0,0,https://x.com/beriftgiaa/status/1875552387320143998,1870250331743105026,beriftgiaa,selamatt malamm giaa gimana kabarnyaa
1875535611597398097,Sat Jan 04 14:38:28 +0000 2025,0,@Levi_JKT48 cantik banget kak,1875552380328222872,,Levi_JKT48,in,Surakarta,0,0,0,https://x.com/mancalledlost/status/1875552380328222872,1131219116424015872,mancalledlost,cantik banget kak
1875550451254575597,Sat Jan 04 14:38:26 +0000 2025,0,@Aralie_JKT48 Malamm syukue berjalan lancar. Aku udah like komen repost tiktok kamu pertama. Selamat istirahat ya Bi. GN LUV,1875552373424443774,,Aralie_JKT48,in,B27,0,0,0,https://x.com/_errawr/status/1875552373424443774,1562421280653312000,_errawr,Malamm syukue berjalan lancar Aku udah like komen repost tiktok kamu pertama Selamat istirahat ya Bi GN LUV
1875552360942203340,Sat Jan 04 14:38:23 +0000 2025,0,Untuk #January4Fiony gue cuman satu tetap berjaya di JKT48 aja Last year Ce Pio sudah semantap itu memang pokoknya tahun ini tetap menjadi versi diri yang terbaik aja Setuju gak kak @Symfiony,1875552360942203340,,,in,Jambi pokoknya,0,0,0,https://x.com/Neil_sudah17/status/1875552360942203340,1759989479681732608,Neil_sudah17,Untuk gue cuman satu tetap berjaya di JKT48 aja Last year Ce Pio sudah semantap itu memang pokoknya tahun ini tetap menjadi versi diri yang terbaik aja Setuju gak kak
1875550451254575597,Sat Jan 04 14:38:21 +0000 2025,0,@Aralie_JKT48 Hii bi hari ini sangat mengasyikkan walaupun ya lelah juga karna ngejar target Short wkwk,1875552353950298331,,Aralie_JKT48,in,"Bekasi Selatan, Indonesia",0,0,0,https://x.com/kamiljauhrsyrf/status/1875552353950298331,1546674603367415808,kamiljauhrsyrf,Hii bi hari ini sangat mengasyikkan walaupun ya lelah juga karna ngejar target Short wkwk
1875524551272231229,Sat Jan 04 14:38:21 +0000 2025,0,@CErine_JKT48 Cakeppp lanjutannya apa min,1875552350280282250,,CErine_JKT48,in,,0,0,0,https://x.com/DapaLfzy/status/1875552350280282250,1463681482757533702,DapaLfzy,Cakeppp lanjutannya apa min
1875509349164183770,Sat Jan 04 14:38:15 +0000 2025,0,@CErine_JKT48 @AR_LanaJKT48 @Nachia_JKT48 @Levi_JKT48 Wkwk stuju,1875552326305640793,,CErine_JKT48,in,idoling and random things,0,0,0,https://x.com/misnabb/status/1875552326305640793,1131409974360281088,misnabb,Wkwk stuju
1875552322434297910,Sat Jan 04 14:38:14 +0000 2025,0,Halooo @Ekin_JKT48 rate hari ini dong kalo aku hari ini soalnya tadi aku tidur dari siang sampai sore heheehe. Selamat malam dan selamat beristirahat yaa,1875552322434297910,,,in,,0,0,0,https://x.com/Kall1138/status/1875552322434297910,1699051504026726400,Kall1138,Halooo rate hari ini dong kalo aku hari ini soalnya tadi aku tidur dari siang sampai sore heheehe Selamat malam dan selamat beristirahat yaa
1875548605190488238,Sat Jan 04 14:38:07 +0000 2025,0,@putripramess @Aralie_JKT48 kenapa tidaakk ,1875552293917282557,,putripramess,in,"malang, 850km from home (jkt)",0,0,0,https://x.com/agawstr/status/1875552293917282557,1297540010917257216,agawstr,kenapa tidaakk
1875534619430547581,Sat Jan 04 14:38:02 +0000 2025,0,@CErine_JKT48 banyak mauu,1875552274183024989,,CErine_JKT48,in,,0,0,0,https://x.com/meyaasm/status/1875552274183024989,1700261599192506368,meyaasm,banyak mauu
1875455104880669110,Sat Jan 04 14:38:02 +0000 2025,0,@Arzxy01 @Gendis_JKT48 kata kak Ardiaz selamat atas 1jt foll tiktok-nya jgn lupa pap! https://t.co/TmSunmfRMx,1875552272681451611,https://pbs.twimg.com/media/GgdM0bZa8AM0vZe.jpg,Arzxy01,in,Mars,0,0,0,https://x.com/naiixyzz__/status/1875552272681451611,1591427828004057088,naiixyzz__,kata kak Ardiaz selamat atas 1jt foll tiktoknya jgn lupa pap
1875550451254575597,Sat Jan 04 14:38:00 +0000 2025,0,@Aralie_JKT48 Malam Alie. Tidak seluruhnya tapi baik-baik aja Ô∏è okay sayang sehabis ini yaa. Semangat disimpan untuk menyambut hari esok saja yaaa selamat istirahat ,1875552262371864676,,Aralie_JKT48,in,gg,0,0,0,https://x.com/sceneofcosmic/status/1875552262371864676,1774576681380098048,sceneofcosmic,Malam Alie Tidak seluruhnya tapi baikbaik aja okay sayang sehabis ini yaa Semangat disimpan untuk menyambut hari esok saja yaaa selamat istirahat
1872569000686911524,Sat Jan 04 14:37:54 +0000 2025,0,HALOO MASIH ADA SLOT UNTUK DAY6 FOREVER YOUNG ‚ÄºÔ∏è‚ÄºÔ∏è Bruno dapat 28 tiket enha dapat 16 tiket taylor 22 tiket coldplay 23 tiket svt 67 tiket jkt48 34 tiket dan banyak lagi!!! t. konser jastip jaswar war day 6 jastip jaswar selfpayment selfpay trusted https://t.co/QDoZv4XGHD,1875552240603422818,,kaevticketing,in,@jastipkaevi on instagram,0,0,0,https://x.com/kaevticketing/status/1875552240603422818,993016955505295360,kaevticketing,HALOO MASIH ADA SLOT UNTUK DAY6 FOREVER YOUNG Bruno dapat 28 tiket enha dapat 16 tiket taylor 22 tiket coldplay 23 tiket svt 67 tiket jkt48 34 tiket dan banyak lagi t konser jastip jaswar war day 6 jastip jaswar selfpayment selfpay trusted
1875513752940167377,Sat Jan 04 14:37:51 +0000 2025,0,@Levi_JKT48 @AR_LanaJKT48 Parah emang,1875552224472117602,,Levi_JKT48,in,,0,0,0,https://x.com/MuhamadYusufA32/status/1875552224472117602,1487094406578466816,MuhamadYusufA32,Parah emang
1875550451254575597,Sat Jan 04 14:37:48 +0000 2025,0,@Aralie_JKT48 MALAAMM alhamdulillah lancaar aku baru liaat tadi sumpah kereen bgttt love ur voice so muchh kamu selamat beristirahat yaa good nightt sleep tight &amp; sweet dreams,1875552215206916596,,Aralie_JKT48,in,,0,0,0,https://x.com/ybs_1njea/status/1875552215206916596,1745093036831313920,ybs_1njea,MALAAMM alhamdulillah lancaar aku baru liaat tadi sumpah kereen bgttt love ur voice so muchh kamu selamat beristirahat yaa good nightt sleep tight amp sweet dreams
1875552206080086196,Sat Jan 04 14:37:46 +0000 2025,0,ga di maafin udah terlanjut kit heart @Delynn_JKT48 #Dailynn,1875552206080086196,,,in,"Bali, Indonesia",0,0,0,https://x.com/Sevaamahaangga/status/1875552206080086196,1764264023862976512,Sevaamahaangga,ga di maafin udah terlanjut kit heart
1875534619430547581,Sat Jan 04 14:37:46 +0000 2025,0,@CErine_JKT48 @AR_LanaJKT48 malah request,1875552205371273718,,CErine_JKT48,in,,0,0,0,https://x.com/meyaasm/status/1875552205371273718,1700261599192506368,meyaasm,malah request
1875509349164183770,Sat Jan 04 14:37:41 +0000 2025,0,@AR_LanaJKT48 @Nachia_JKT48 @Levi_JKT48 STOP KATA AKUMAH,1875552184546578684,,AR_LanaJKT48,in,idoling and random things,0,0,0,https://x.com/misnabb/status/1875552184546578684,1131409974360281088,misnabb,STOP KATA AKUMAH
1875550451254575597,Sat Jan 04 14:36:27 +0000 2025,0,@Aralie_JKT48 MALAM ARALIEE biasa aja sii jujurly no karena aku gajadi ngerjain sesuatu hari ini wkwkkw sudah sudah bagus banget tauu kamu juga cantik bngt kapan kapan nyanyiin lagu puja puji haji jaka yaa wih bagus ya langitnyaw iyaa let's take a quick snooze GN sleep wel yaa,1875551875531235605,,Aralie_JKT48,in,dihatimu,0,0,0,https://x.com/calrzsta_/status/1875551875531235605,1612115499755900929,calrzsta_,MALAM ARALIEE biasa aja sii jujurly no karena aku gajadi ngerjain sesuatu hari ini wkwkkw sudah sudah bagus banget tauu kamu juga cantik bngt kapan kapan nyanyiin lagu puja puji haji jaka yaa wih bagus ya langitnyaw iyaa lets take a quick snooze GN sleep wel yaa
1875550451254575597,Sat Jan 04 14:36:27 +0000 2025,0,@Aralie_JKT48 keren banget ihhhhh,1875551874973364296,,Aralie_JKT48,in,ga semuanya tentang jeketi.,0,0,0,https://x.com/kopparslagare_/status/1875551874973364296,1219764201419227136,kopparslagare_,keren banget ihhhhh
1875509349164183770,Sat Jan 04 14:36:22 +0000 2025,1,@Levi_JKT48 @AR_LanaJKT48 @Nachia_JKT48 ngerii ah,1875551854651961365,,Levi_JKT48,in,,0,0,0,https://x.com/S_wafaaaa/status/1875551854651961365,1823354875469848576,S_wafaaaa,ngerii ah
1875550451254575597,Sat Jan 04 14:36:14 +0000 2025,0,@Aralie_JKT48 MALAM CHELL hari ini lancar jaya karena aku cuman nonton aja iya aku udah liat kokk bajus sekaliii kamu jangan begadang lohh GN luvv,1875551819340116232,,Aralie_JKT48,in,Di mana-mana hatiku senang,0,0,0,https://x.com/CGeavani/status/1875551819340116232,1537461026110599168,CGeavani,MALAM CHELL hari ini lancar jaya karena aku cuman nonton aja iya aku udah liat kokk bajus sekaliii kamu jangan begadang lohh GN luvv
1875228649538121824,Sat Jan 04 14:36:13 +0000 2025,0,@akbar_hs1 @SNayla_JKT48 WKWKWKKWK terpantau ella oshi,1875551814197854678,,akbar_hs1,in,,0,0,0,https://x.com/shalleee0/status/1875551814197854678,1692395964240465920,shalleee0,WKWKWKKWK terpantau ella oshi
1875550451254575597,Sat Jan 04 14:36:10 +0000 2025,0,@Aralie_JKT48 sudah di cek lie met istirahat maluv,1875551802684535098,,Aralie_JKT48,in,,0,0,0,https://x.com/bimbimbammm/status/1875551802684535098,1659863413,bimbimbammm,sudah di cek lie met istirahat maluv
1875526161096446211,Sat Jan 04 14:36:10 +0000 2025,0,@Delynn_JKT48 Mau nemenin aku nggak?,1875551801451409611,,Delynn_JKT48,in,"South Borneo, Indonesia",0,0,0,https://x.com/DayatGps12/status/1875551801451409611,725891288176824322,DayatGps12,Mau nemenin aku nggak
1875529654062501984,Sat Jan 04 14:36:09 +0000 2025,0,@Nala_JKT48 Padi - Kasih tak sampai Padi - Ternyata cinta Dewa 19 - Roman Picisan Gigi - 11 Januari Gigi - andai Sheila on 7 - Sephia Glenn Fredly - Sedih tak berujung Glenn Fredly - Januari Samson - Kenangan Terindah Ada Band - Manusia Bodoh Ada Band - Masih,1875551797441655201,,Nala_JKT48,in,,0,0,0,https://x.com/zedavies/status/1875551797441655201,173034914,zedavies,Padi Kasih tak sampai Padi Ternyata cinta Dewa 19 Roman Picisan Gigi 11 Januari Gigi andai Sheila on 7 Sephia Glenn Fredly Sedih tak berujung Glenn Fredly Januari Samson Kenangan Terindah Ada Band Manusia Bodoh Ada Band Masih
1875550451254575597,Sat Jan 04 14:36:04 +0000 2025,0,@Aralie_JKT48 Malam liii hari ini berjalan lancar seperti biasa alhamdulillah. Aku belum liatt habis ini otw liat. GN juga luv,1875551777694916982,,Aralie_JKT48,in,,0,0,0,https://x.com/hsyifadmynti/status/1875551777694916982,1611725109492084736,hsyifadmynti,Malam liii hari ini berjalan lancar seperti biasa alhamdulillah Aku belum liatt habis ini otw liat GN juga luv
1875534619430547581,Sat Jan 04 14:36:04 +0000 2025,0,@M_OlineJKT48 @CErine_JKT48 @AR_LanaJKT48 WKWKWK ,1875551776608505947,,M_OlineJKT48,in,,0,0,0,https://x.com/arnwndt11/status/1875551776608505947,1223073013442105344,arnwndt11,WKWKWK
1875550451254575597,Sat Jan 04 14:36:04 +0000 2025,0,@Aralie_JKT48 Sudah ku sebarkan link videonya ke grup alumni juga katanya keren apalagi full 1 lagu‚ÄçÔ∏è,1875551776168145198,,Aralie_JKT48,in,Indonesia,0,0,0,https://x.com/ayayieveryday/status/1875551776168145198,1416313630925234176,ayayieveryday,Sudah ku sebarkan link videonya ke grup alumni juga katanya keren apalagi full 1 lagu
1875550451254575597,Sat Jan 04 14:36:03 +0000 2025,0,@Aralie_JKT48 MALAM Aralieee! kurang berjalan lancar tapi ngga apa-apa ‚Äç okeyyy otw cek ‚ÄçÔ∏è Woow serunyaa pengen juga dehh GN aralieee,1875551774263930941,,Aralie_JKT48,in,,0,0,0,https://x.com/Irzaar_/status/1875551774263930941,1401150111703392257,Irzaar_,MALAM Aralieee kurang berjalan lancar tapi ngga apaapa okeyyy otw cek Woow serunyaa pengen juga dehh GN aralieee
1875550451254575597,Sat Jan 04 14:36:00 +0000 2025,0,@Aralie_JKT48 MALAAAMM hari ini lancaarrr dongg udaa liattt keren banget terharu dehh kapan-kapan cover fullnya ga sih? atau atleast sampai reff-nya hehehee Ô∏è waahh senangnya bisa melihat langit lagi apakah ada pelangi? selamat beristirahat yaa goodnight maluvv ,1875551761907564892,,Aralie_JKT48,in,,0,0,0,https://x.com/ER_Ditzz/status/1875551761907564892,1804809687310954496,ER_Ditzz,MALAAAMM hari ini lancaarrr dongg udaa liattt keren banget terharu dehh kapankapan cover fullnya ga sih atau atleast sampai reffnya hehehee waahh senangnya bisa melihat langit lagi apakah ada pelangi selamat beristirahat yaa goodnight maluvv
1875550451254575597,Sat Jan 04 14:35:58 +0000 2025,0,@Aralie_JKT48 Yodah rehat aja ya abi mumpung ada waktu manfaatkan utk recharge energy hati n ur mind. Bsk akan sibuk kembali gn ya bi,1875551753674092715,,Aralie_JKT48,in,,0,0,0,https://x.com/cahyobronz/status/1875551753674092715,1458072529319313413,cahyobronz,Yodah rehat aja ya abi mumpung ada waktu manfaatkan utk recharge energy hati n ur mind Bsk akan sibuk kembali gn ya bi
1875550451254575597,Sat Jan 04 14:35:53 +0000 2025,0,@Aralie_JKT48 Malam juga abigail biasa aja sih harinya flat iya nanti lihat ya abis ini good night sleep well ya,1875551729829474566,,Aralie_JKT48,in, Bandung,0,0,0,https://x.com/muhaldii_/status/1875551729829474566,1738728086370443265,muhaldii_,Malam juga abigail biasa aja sih harinya flat iya nanti lihat ya abis ini good night sleep well ya
1875542791553741227,Sat Jan 04 14:35:49 +0000 2025,0,@officialJKT48 @Greesel_JKT48 ciee,1875551715703058797,,officialJKT48,in,"Yogyakarta, Indonesia",0,0,0,https://x.com/_luckyandhika/status/1875551715703058797,1607392302129106945,_luckyandhika,ciee
1875509349164183770,Sat Jan 04 14:35:47 +0000 2025,0,@Levi_JKT48 @AR_LanaJKT48 @Nachia_JKT48 Keren mrisel,1875551707608052024,,Levi_JKT48,in,,0,0,0,https://x.com/Bakeriez1/status/1875551707608052024,1021370846525321216,Bakeriez1,Keren mrisel
1875529654062501984,Sat Jan 04 14:35:42 +0000 2025,0,@Nala_JKT48 Lingsir wengi Itu enak Kereta malam Itu Enak banget Kelam malam itu Enak pake banget. Cocok di dengarkan ketika sedang self hiling.,1875551683222368666,,Nala_JKT48,in,,0,0,0,https://x.com/rrsqqii_com/status/1875551683222368666,1794621330547249152,rrsqqii_com,Lingsir wengi Itu enak Kereta malam Itu Enak banget Kelam malam itu Enak pake banget Cocok di dengarkan ketika sedang self hiling
1875551124062925125,Sat Jan 04 14:35:39 +0000 2025,0,@AprilliVelsID @Rilly_JKT48 Malming nya kultivasi aja,1875551673504162248,,AprilliVelsID,in,,0,0,0,https://x.com/RIZKYRA50220856/status/1875551673504162248,1179778166929276929,RIZKYRA50220856,Malming nya kultivasi aja
1875550451254575597,Sat Jan 04 14:35:34 +0000 2025,0,@Aralie_JKT48 Malamm Araliee iyaa aku udah liat tiktok kamu adem banget denger suara kamu tuu. Good night ,1875551649831514154,,Aralie_JKT48,in,"Medan, Sumatera Utara",0,0,0,https://x.com/Rabbanyn24/status/1875551649831514154,867932712182599680,Rabbanyn24,Malamm Araliee iyaa aku udah liat tiktok kamu adem banget denger suara kamu tuu Good night
1875550451254575597,Sat Jan 04 14:35:26 +0000 2025,0,@Aralie_JKT48 Malam maluvvv hari ini cukup melelahkan alhamdulillah berjalan dengan lancar koo aku uda liatt tiktok kamuu wuuiiii kerennn ada ada aja deh kamuu gn ayayiii selamat istirahat,1875551618340679843,,Aralie_JKT48,in,,0,0,0,https://x.com/jahayvanka93804/status/1875551618340679843,1672242779194523649,jahayvanka93804,Malam maluvvv hari ini cukup melelahkan alhamdulillah berjalan dengan lancar koo aku uda liatt tiktok kamuu wuuiiii kerennn ada ada aja deh kamuu gn ayayiii selamat istirahat
1875550451254575597,Sat Jan 04 14:35:26 +0000 2025,0,@Aralie_JKT48 Malamm araliee syap nnti aku cek. Jangan lupa istirahat yg cukup yaa,1875551616709034305,,Aralie_JKT48,in,"Bogor, Jawa Barat",0,0,0,https://x.com/alviiinnnn03/status/1875551616709034305,1734349082859343872,alviiinnnn03,Malamm araliee syap nnti aku cek Jangan lupa istirahat yg cukup yaa
1875550451254575597,Sat Jan 04 14:35:24 +0000 2025,0,@Aralie_JKT48 malam ayayi hari ini b aja sih kalo kamu gimana? oke ntar aku check btw janlup istirahat yaa banyakin minum air putih goodnight jan begadang,1875551610157592828,,Aralie_JKT48,in,,0,0,0,https://x.com/alreza200421111/status/1875551610157592828,1588173263179767809,alreza200421111,malam ayayi hari ini b aja sih kalo kamu gimana oke ntar aku check btw janlup istirahat yaa banyakin minum air putih goodnight jan begadang
1875509349164183770,Sat Jan 04 14:35:22 +0000 2025,1,@Le_ViosaID @Levi_JKT48 @AR_LanaJKT48 @Nachia_JKT48 buat min,1875551600552636436,,Le_ViosaID,in,,0,0,0,https://x.com/S_wafaaaa/status/1875551600552636436,1823354875469848576,S_wafaaaa,buat min
1875497183698678036,Sat Jan 04 14:35:20 +0000 2025,1,@OmBrunyaBeby_ @Freya_JKT48 @A_FionyJKT48 Freya's Warrior siap melawan tubir¬≤ konyol.,1875551594370232361,,OmBrunyaBeby_,in,,0,0,0,https://x.com/Hehe_everybody/status/1875551594370232361,1711296159850098688,Hehe_everybody,Freyas Warrior siap melawan tubir¬≤ konyol
1875550451254575597,Sat Jan 04 14:35:16 +0000 2025,0,@Aralie_JKT48 MALAM BII baik baik saja... okee siyapp otw otw ‚ÄçÔ∏è wihh langit hari ini sebagus itu ya? aku seharian ini gak keluar rumah hehe waduh kalo mau beraktivitas lagi lanjutin besok saja sekalian ngumpulin semangat yg lebih matang iyaa GN JUGA BII ,1875551576515080473,,Aralie_JKT48,in,,0,0,0,https://x.com/fiureenn/status/1875551576515080473,1810599883277242368,fiureenn,MALAM BII baik baik saja okee siyapp otw otw wihh langit hari ini sebagus itu ya aku seharian ini gak keluar rumah hehe waduh kalo mau beraktivitas lagi lanjutin besok saja sekalian ngumpulin semangat yg lebih matang iyaa GN JUGA BII
1875550451254575597,Sat Jan 04 14:35:14 +0000 2025,0,@Aralie_JKT48 sudah ku cek like komen repost share. GN bii semoga mimpi indah,1875551566012542989,,Aralie_JKT48,in,,0,0,0,https://x.com/dinoconian/status/1875551566012542989,1255375143465111553,dinoconian,sudah ku cek like komen repost share GN bii semoga mimpi indah
1875550451254575597,Sat Jan 04 14:35:08 +0000 2025,0,@Aralie_JKT48 malammm juga aku lagi lose streak pusing pingin tidur ajaa good night jugaa roarrrÔ∏è,1875551541509464561,,Aralie_JKT48,in,,0,0,0,https://x.com/stoicisme21/status/1875551541509464561,1870822310384713728,stoicisme21,malammm juga aku lagi lose streak pusing pingin tidur ajaa good night jugaa roarrr
1875550451254575597,Sat Jan 04 14:35:01 +0000 2025,0,@Aralie_JKT48 malam juga ayayi aku udah liat kok tadi videonya dan sudah aku like suaramu begitu merdu GN ayayi,1875551513520767417,,Aralie_JKT48,in,"Central Java, Indonesia",0,0,0,https://x.com/l3vy0_0/status/1875551513520767417,1851224976487301120,l3vy0_0,malam juga ayayi aku udah liat kok tadi videonya dan sudah aku like suaramu begitu merdu GN ayayi
1875550451254575597,Sat Jan 04 14:34:59 +0000 2025,9,@Aralie_JKT48 minlie udah liat dongsss syoekak dech liatnya selamat istirahat yaaa kamunya GN MALLUV ,1875551504117211176,,Aralie_JKT48,in,Taman Bunga Aralie,0,0,0,https://x.com/arariel_id/status/1875551504117211176,1725911693681934336,arariel_id,minlie udah liat dongsss syoekak dech liatnya selamat istirahat yaaa kamunya GN MALLUV
1875529654062501984,Sat Jan 04 14:34:59 +0000 2025,0,@Nala_JKT48 Semua lagu Dewa,1875551503941038583,,Nala_JKT48,in,,0,0,0,https://x.com/muhrayhan_23/status/1875551503941038583,821767033,muhrayhan_23,Semua lagu Dewa
1875479041156976866,Sat Jan 04 14:34:56 +0000 2025,0,@SNayla_JKT48 @F_FeniJKT48 lucuuu bgt siihh nay WKWKWKW,1875551493283274977,,SNayla_JKT48,in,strawberry fields,0,0,0,https://x.com/pertengahan_9/status/1875551493283274977,1678058158898688000,pertengahan_9,lucuuu bgt siihh nay WKWKWKW
1875536339543978425,Sat Jan 04 14:34:55 +0000 2025,1,@JTrisha_JKT48 wkwkwk ,1875551490154385876,,JTrisha_JKT48,in,,0,0,0,https://x.com/F_Berrian/status/1875551490154385876,1774821258938740737,F_Berrian,wkwkwk
1875534619430547581,Sat Jan 04 14:34:41 +0000 2025,0,@M_OlineJKT48 @AR_LanaJKT48 @CErine_JKT48 Siap siap konten TikTok,1875551429429280973,,M_OlineJKT48,in,,0,0,0,https://x.com/haolihao27/status/1875551429429280973,1760847816883384320,haolihao27,Siap siap konten TikTok
1875550451254575597,Sat Jan 04 14:34:35 +0000 2025,0,@Aralie_JKT48 Malam ayayi aku hari ini full istirahat si soalnya lagi kurang sehat oke aku cek sekarang selamat istirahat ya GN maluvv,1875551402694766898,,Aralie_JKT48,in,,0,0,0,https://x.com/CAhdoh13/status/1875551402694766898,1592616742433751041,CAhdoh13,Malam ayayi aku hari ini full istirahat si soalnya lagi kurang sehat oke aku cek sekarang selamat istirahat ya GN maluvv
1875550451254575597,Sat Jan 04 14:34:34 +0000 2025,0,@Aralie_JKT48 Malam aralie lancar aja sih hari ini ok segera dicek wah pasti bagus banget pemandangannya good night alie ,1875551401394450587,,Aralie_JKT48,in,Jakarta Capital Region,0,0,0,https://x.com/yrco__/status/1875551401394450587,1597204797785968640,yrco__,Malam aralie lancar aja sih hari ini ok segera dicek wah pasti bagus banget pemandangannya good night alie
1875551387960144315,Sat Jan 04 14:34:31 +0000 2025,2,Done ketua gini kan? Gak yaa? Ssorry dah @CErine_JKT48 #NgabaRine https://t.co/iL6UwOCMdj,1875551387960144315,https://pbs.twimg.com/ext_tw_video_thumb/1875551351578750976/pu/img/hUxWbnv_0wZQc-8Y.jpg,,in,,0,0,0,https://x.com/Angga3son/status/1875551387960144315,751653383669374976,Angga3son,Done ketua gini kan Gak yaa Ssorry dah
1875542697144152114,Sat Jan 04 14:34:25 +0000 2025,0,@Nala_JKT48 udah mulai sr nya?? Atau ketinggalan nihh,1875551362668491167,,Nala_JKT48,in,,0,0,0,https://x.com/aine59402/status/1875551362668491167,1687384503499862017,aine59402,udah mulai sr nya Atau ketinggalan nihh
1875551354036613462,Sat Jan 04 14:34:23 +0000 2025,0,Kenapa kamu bisa bisanya kepikiran baristanya bakal ngejudge karna pesen non-coffee issokei cell nongkrong mah nongkrong ajaa aku jg gabisa minum kopi and i always order non-coffee chill aja broo @Greesel_JKT48 #GreeThings,1875551354036613462,,,in,,0,0,0,https://x.com/puttsartss/status/1875551354036613462,1816657475116105728,puttsartss,Kenapa kamu bisa bisanya kepikiran baristanya bakal ngejudge karna pesen noncoffee issokei cell nongkrong mah nongkrong ajaa aku jg gabisa minum kopi and i always order noncoffee chill aja broo
1875512141882781815,Sat Jan 04 14:33:25 +0000 2025,0,@CErine_vall @Rilly_JKT48 pertanda nambah oshi?,1875551112620904926,,CErine_vall,in,Cath.,0,0,0,https://x.com/jncosse/status/1875551112620904926,1709536616719790080,jncosse,pertanda nambah oshi
1875513823505055762,Sat Jan 04 14:33:25 +0000 2025,0,@Rilly_JKT48 Pisang goreng di cocol sambal bawang Enaknya ga akan pernah terbayang.,1875551111438070113,,Rilly_JKT48,in,,0,0,0,https://x.com/rrsqqii_com/status/1875551111438070113,1794621330547249152,rrsqqii_com,Pisang goreng di cocol sambal bawang Enaknya ga akan pernah terbayang
1875550451254575597,Sat Jan 04 14:33:24 +0000 2025,0,@Aralie_JKT48 Malamm @Aralie_JKT48 hari ini seperti hari hari biasanya gak semua sih berjalan lancar tapi gpp oh iya aku udh liattttt bagus banget suara kamu maluvvvv sudahi dulu gak sih aktivitas nya lanjut besok istirahat dulu kamunya oke maluvvvvv gn met istirahat,1875551108481073503,,Aralie_JKT48,in,,0,0,0,https://x.com/fynn_3448/status/1875551108481073503,1772746562931974144,fynn_3448,Malamm hari ini seperti hari hari biasanya gak semua sih berjalan lancar tapi gpp oh iya aku udh liattttt bagus banget suara kamu maluvvvv sudahi dulu gak sih aktivitas nya lanjut besok istirahat dulu kamunya oke maluvvvvv gn met istirahat
1698552721501298829,Sat Jan 04 14:33:22 +0000 2025,0,@fatihakhmad48 @jkt48_pm Yang sabar yak,1875551097378758755,,fatihakhmad48,in,Jambi pokoknya,0,0,0,https://x.com/Neil_sudah17/status/1875551097378758755,1759989479681732608,Neil_sudah17,Yang sabar yak
1875109611998708189,Sat Jan 04 14:33:12 +0000 2025,0,@JTrisha_JKT48 enggak sekalian oline matic,1875551055393755241,,JTrisha_JKT48,in,,0,0,0,https://x.com/Daffa_Rhapsody/status/1875551055393755241,1693998862816735232,Daffa_Rhapsody,enggak sekalian oline matic
1875543832080871668,Sat Jan 04 14:33:10 +0000 2025,0,@Gracie_JKT48 Ayukkk,1875551048926167175,,Gracie_JKT48,in,,0,0,0,https://x.com/sooyaaa_1995/status/1875551048926167175,1550856087418830849,sooyaaa_1995,Ayukkk
1875550451254575597,Sat Jan 04 14:33:10 +0000 2025,0,@Aralie_JKT48 GN lov hari ini berjalan seperti biasa gak ada sesuatu yang spesial tapi aku tetap seneng kok bisa sampai di hari ini kamu keren banget deh emg suara emas gabisa dibohongin nyanyi apapun akan tetap bagus ,1875551046422155325,,Aralie_JKT48,in,,0,0,0,https://x.com/FlerZy02/status/1875551046422155325,1486561915513892866,FlerZy02,GN lov hari ini berjalan seperti biasa gak ada sesuatu yang spesial tapi aku tetap seneng kok bisa sampai di hari ini kamu keren banget deh emg suara emas gabisa dibohongin nyanyi apapun akan tetap bagus
1875550451254575597,Sat Jan 04 14:33:07 +0000 2025,0,@Aralie_JKT48 MALAMMMMM alhamdulilahh harii ini lancarr kalo kamu gimanaa? okeyy nanti aku cek yaaa widihhh pastii sangat indah sekali langit nya tuhh se indah kamuu okeyy Goodnight maluvvv selamatt beristirahat,1875551033222664489,,Aralie_JKT48,in,,0,0,0,https://x.com/mhmddval_/status/1875551033222664489,1736326546800156672,mhmddval_,MALAMMMMM alhamdulilahh harii ini lancarr kalo kamu gimanaa okeyy nanti aku cek yaaa widihhh pastii sangat indah sekali langit nya tuhh se indah kamuu okeyy Goodnight maluvvv selamatt beristirahat
1875550451254575597,Sat Jan 04 14:33:06 +0000 2025,0,@Aralie_JKT48 Sudah ku like komen &amp; repost mint. Sukak deh semoga konsisten rajin post videonya ya Selamat istirahat makasih ya videoya,1875551029305208847,,Aralie_JKT48,in,Indonesia,0,0,0,https://x.com/egitarrr/status/1875551029305208847,796080967,egitarrr,Sudah ku like komen amp repost mint Sukak deh semoga konsisten rajin post videonya ya Selamat istirahat makasih ya videoya
1875550451254575597,Sat Jan 04 14:33:06 +0000 2025,0,@Aralie_JKT48 Malam Aliee oke habis selesai urusan akan langsung cek GN Aliee maluvv,1875551029275848735,,Aralie_JKT48,in,,0,0,0,https://x.com/Naumashiro/status/1875551029275848735,1748009959294713856,Naumashiro,Malam Aliee oke habis selesai urusan akan langsung cek GN Aliee maluvv
1875549534706975009,Sat Jan 04 14:33:04 +0000 2025,0,@Fikalahterus @Aralie_JKT48 sekarang #Fikaralie?,1875551021256380450,,Fikalahterus,in,Dunia Mimpi,0,0,0,https://x.com/under4verage/status/1875551021256380450,1868504087542775808,under4verage,sekarang
1875550451254575597,Sat Jan 04 14:33:03 +0000 2025,0,@Aralie_JKT48 malam hari ini lancarr otw secepat kilat buat cek‚ÄçÔ∏è menyejukan bukan?. tadi sore juga langitnya bagus warna orange sama ungu lii udah malem ga sih mending bobo GN Maluv,1875551016650993746,,Aralie_JKT48,in,,0,0,0,https://x.com/rickozulfa/status/1875551016650993746,1101305513109729280,rickozulfa,malam hari ini lancarr otw secepat kilat buat cek menyejukan bukan tadi sore juga langitnya bagus warna orange sama ungu lii udah malem ga sih mending bobo GN Maluv
1875497183698678036,Sat Jan 04 14:33:02 +0000 2025,0,@OmBrunyaBeby_ @Freya_JKT48 @A_FionyJKT48 Waduh tapi bisa dicoba,1875551013144502471,,OmBrunyaBeby_,in,"Jember, Jawa Timur",0,0,0,https://x.com/FikriAliJ19/status/1875551013144502471,1519714795226025984,FikriAliJ19,Waduh tapi bisa dicoba
1875550451254575597,Sat Jan 04 14:33:01 +0000 2025,0,@Aralie_JKT48 perasaan aku dari tadi buka tiktok selalu ketinggalan gini huft,1875551011982749727,,Aralie_JKT48,in,ga semuanya tentang jeketi.,0,0,0,https://x.com/kopparslagare_/status/1875551011982749727,1219764201419227136,kopparslagare_,perasaan aku dari tadi buka tiktok selalu ketinggalan gini huft
1875550451254575597,Sat Jan 04 14:33:00 +0000 2025,0,@Aralie_JKT48 slmtmlm ayayii tdi sore aku abis selesai ngurut trs tdi aku abis mkn bubur trs juga tdi abis minum obatt hehe,1875551007360610453,,Aralie_JKT48,in,,0,0,0,https://x.com/_adnnoc23/status/1875551007360610453,1750179393279025152,_adnnoc23,slmtmlm ayayii tdi sore aku abis selesai ngurut trs tdi aku abis mkn bubur trs juga tdi abis minum obatt hehe
1875529654062501984,Sat Jan 04 14:32:59 +0000 2025,0,@Versi_Jelek @Nala_JKT48 dia mana tau stafaband sama winamp mas,1875551002973368407,,Versi_Jelek,in,,0,0,0,https://x.com/PortgasDCass/status/1875551002973368407,1780008203126001664,PortgasDCass,dia mana tau stafaband sama winamp mas
1875550451254575597,Sat Jan 04 14:32:58 +0000 2025,0,@Aralie_JKT48 malam adik alhamdulillah hari ini berjalan lancar okay nanti dicek vt nya GN yaa ,1875550998149918884,,Aralie_JKT48,in,"Jakarta, Indonesia",0,0,0,https://x.com/Serenz0_/status/1875550998149918884,282494974,Serenz0_,malam adik alhamdulillah hari ini berjalan lancar okay nanti dicek vt nya GN yaa
1875455069111668804,Sat Jan 04 14:32:57 +0000 2025,0,@HafsahDea @bestiegendis @Gendis_JKT48 @Gendis_JKT48 kata kak deyüÖ∞Ô∏è selamat atas 1jt foll tiktok-nya jgn lupa pap! https://t.co/OD8VFWLNq5,1875550994500874382,https://pbs.twimg.com/media/GgdLrk1a8AEEf7X.jpg,HafsahDea,in,,0,0,0,https://x.com/oshinya2s/status/1875550994500874382,1730802410963251200,oshinya2s,kata kak dey selamat atas 1jt foll tiktoknya jgn lupa pap
1875550991497728043,Sat Jan 04 14:32:57 +0000 2025,0,BebyOshi seumuran sama @JTrisha_JKT48 ,1875550991497728043,,,in,"Tanah Abang, Indonesia",0,0,0,https://x.com/anyn37_mas/status/1875550991497728043,1046578981,anyn37_mas,BebyOshi seumuran sama
1875550451254575597,Sat Jan 04 14:32:53 +0000 2025,0,@Aralie_JKT48 malamm ayayii selamat istirahatt,1875550974452125849,,Aralie_JKT48,in,"East Java, Indonesia",0,0,0,https://x.com/reexin25/status/1875550974452125849,1676971361804374017,reexin25,malamm ayayii selamat istirahatt
